id,fisher,chip,insitu_id,r5_chr,r5_start,r5_stop,difficulty,r6_coordinates,empty,r5_coordinates,comment,published_image_paths,unpublished_image_paths
1,Fisher43,ChIP-1,PCE(A1)-pCRM1,chr2R,2487455,2488955,easy,2R:6599950..6601450,,chr2R:2487455..2488955,,,"/data/insitu_images/insitu_image_storage/img_dir_141/insitu141055.jpe
/data/insitu_images/insitu_image_storage/img_dir_141/insitu141056.jpe
/data/insitu_images/insitu_image_storage/img_dir_141/insitu141057.jpe
/data/insitu_images/insitu_image_storage/img_dir_141/insitu141058.jpe
/data/insitu_images/insitu_image_storage/img_dir_141/insitu141059.jpe
/data/insitu_images/insitu_image_storage/img_dir_141/insitu141060.jpe
/data/insitu_images/insitu_image_storage/img_dir_141/insitu141061.jpe
/data/insitu_images/insitu_image_storage/img_dir_141/insitu141062.jpe
/data/insitu_images/insitu_image_storage/img_dir_141/insitu141063.jpe
/data/insitu_images/insitu_image_storage/img_dir_141/insitu141064.jpe
/data/insitu_images/insitu_image_storage/img_dir_141/insitu141065.jpe
/data/insitu_images/insitu_image_storage/img_dir_141/insitu141066.jpe
/data/insitu_images/insitu_image_storage/img_dir_141/insitu141067.jpe"
2,Fisher37,ChIP-11,PCE(A11)-pCRM11,chrX,18692803,18694303,easy,X:18798770..18800270,,chrX:18692803..18694303,,,"/data/insitu_images/insitu_image_storage/img_dir_141/insitu141370.jpe
/data/insitu_images/insitu_image_storage/img_dir_141/insitu141371.jpe
/data/insitu_images/insitu_image_storage/img_dir_141/insitu141372.jpe
/data/insitu_images/insitu_image_storage/img_dir_141/insitu141373.jpe"
3,Fisher46,ChIP-13,PCE(B1)-pCRM13,chrX,17722983,17724483,easy,X:17828950..17830450,,chrX:17722983..17724483,,,"/data/insitu_images/insitu_image_storage/img_dir_141/insitu141390.jpe
/data/insitu_images/insitu_image_storage/img_dir_141/insitu141391.jpe
/data/insitu_images/insitu_image_storage/img_dir_141/insitu141392.jpe
/data/insitu_images/insitu_image_storage/img_dir_141/insitu141393.jpe
/data/insitu_images/insitu_image_storage/img_dir_141/insitu141394.jpe
/data/insitu_images/insitu_image_storage/img_dir_141/insitu141395.jpe
/data/insitu_images/insitu_image_storage/img_dir_141/insitu141396.jpe
/data/insitu_images/insitu_image_storage/img_dir_141/insitu141397.jpe"
4,Fisher39,ChIP-14,PCE(B2)-pCRM14,chr4,522603,524103,easy,4:501977..503477,,chr4:522603..524103,,,"/data/insitu_images/insitu_image_storage/img_dir_141/insitu141414.jpe
/data/insitu_images/insitu_image_storage/img_dir_141/insitu141415.jpe
/data/insitu_images/insitu_image_storage/img_dir_141/insitu141416.jpe"
5,Fisher61,ChIP-15,PCE(B3)-pCRM15,chr2L,18651599,18653099,easy,2L:18651599..18653099,,chr2L:18651599..18653099,,,"/data/insitu_images/insitu_image_storage/img_dir_141/insitu141429.jpe
/data/insitu_images/insitu_image_storage/img_dir_141/insitu141430.jpe
/data/insitu_images/insitu_image_storage/img_dir_141/insitu141431.jpe
/data/insitu_images/insitu_image_storage/img_dir_141/insitu141432.jpe
/data/insitu_images/insitu_image_storage/img_dir_141/insitu141433.jpe
/data/insitu_images/insitu_image_storage/img_dir_141/insitu141434.jpe
/data/insitu_images/insitu_image_storage/img_dir_141/insitu141435.jpe
/data/insitu_images/insitu_image_storage/img_dir_141/insitu141436.jpe
/data/insitu_images/insitu_image_storage/img_dir_141/insitu141437.jpe
/data/insitu_images/insitu_image_storage/img_dir_141/insitu141438.jpe
/data/insitu_images/insitu_image_storage/img_dir_141/insitu141439.jpe
/data/insitu_images/insitu_image_storage/img_dir_141/insitu141440.jpe
/data/insitu_images/insitu_image_storage/img_dir_141/insitu141441.jpe
/data/insitu_images/insitu_image_storage/img_dir_141/insitu141442.jpe
/data/insitu_images/insitu_image_storage/img_dir_141/insitu141443.jpe
/data/insitu_images/insitu_image_storage/img_dir_141/insitu141444.jpe"
6,Fisher27,ChIP-16,PCE(B4)-pCRM16,chr2L,18615638,18617138,easy,2L:18615638..18617138,,chr2L:18615638..18617138,,,"/data/insitu_images/insitu_image_storage/img_dir_141/insitu141462.jpe
/data/insitu_images/insitu_image_storage/img_dir_141/insitu141463.jpe
/data/insitu_images/insitu_image_storage/img_dir_141/insitu141464.jpe
/data/insitu_images/insitu_image_storage/img_dir_141/insitu141465.jpe
/data/insitu_images/insitu_image_storage/img_dir_141/insitu141466.jpe
/data/insitu_images/insitu_image_storage/img_dir_141/insitu141467.jpe
/data/insitu_images/insitu_image_storage/img_dir_141/insitu141468.jpe
/data/insitu_images/insitu_image_storage/img_dir_141/insitu141469.jpe
/data/insitu_images/insitu_image_storage/img_dir_141/insitu141470.jpe
/data/insitu_images/insitu_image_storage/img_dir_141/insitu141471.jpe
/data/insitu_images/insitu_image_storage/img_dir_141/insitu141472.jpe
/data/insitu_images/insitu_image_storage/img_dir_141/insitu141473.jpe
/data/insitu_images/insitu_image_storage/img_dir_141/insitu141474.jpe
/data/insitu_images/insitu_image_storage/img_dir_141/insitu141475.jpe
/data/insitu_images/insitu_image_storage/img_dir_141/insitu141476.jpe
/data/insitu_images/insitu_image_storage/img_dir_141/insitu141477.jpe
/data/insitu_images/insitu_image_storage/img_dir_141/insitu141478.jpe
/data/insitu_images/insitu_image_storage/img_dir_141/insitu141479.jpe
/data/insitu_images/insitu_image_storage/img_dir_141/insitu141480.jpe"
7,Fisher5,ChIP-17,PCE(B5)-pCRM17,chr3L,13073926,13075426,easy,3L:13080826..13082326,,chr3L:13073926..13075426,,,"/data/insitu_images/insitu_image_storage/img_dir_141/insitu141512.jpe
/data/insitu_images/insitu_image_storage/img_dir_141/insitu141513.jpe
/data/insitu_images/insitu_image_storage/img_dir_141/insitu141514.jpe
/data/insitu_images/insitu_image_storage/img_dir_141/insitu141515.jpe
/data/insitu_images/insitu_image_storage/img_dir_141/insitu141516.jpe
/data/insitu_images/insitu_image_storage/img_dir_141/insitu141517.jpe
/data/insitu_images/insitu_image_storage/img_dir_141/insitu141518.jpe
/data/insitu_images/insitu_image_storage/img_dir_141/insitu141519.jpe
/data/insitu_images/insitu_image_storage/img_dir_141/insitu141520.jpe
/data/insitu_images/insitu_image_storage/img_dir_141/insitu141521.jpe
/data/insitu_images/insitu_image_storage/img_dir_141/insitu141522.jpe
/data/insitu_images/insitu_image_storage/img_dir_141/insitu141523.jpe
/data/insitu_images/insitu_image_storage/img_dir_141/insitu141524.jpe
/data/insitu_images/insitu_image_storage/img_dir_141/insitu141525.jpe
/data/insitu_images/insitu_image_storage/img_dir_141/insitu141526.jpe
/data/insitu_images/insitu_image_storage/img_dir_141/insitu141527.jpe
/data/insitu_images/insitu_image_storage/img_dir_141/insitu141528.jpe"
8,Fisher55,ChIP-18,PCE(B6)-pCRM18,chr3L,20787910,20789410,easy,3L:20794810..20796310,,chr3L:20787910..20789410,,,"/data/insitu_images/insitu_image_storage/img_dir_141/insitu141559.jpe
/data/insitu_images/insitu_image_storage/img_dir_141/insitu141560.jpe
/data/insitu_images/insitu_image_storage/img_dir_141/insitu141561.jpe
/data/insitu_images/insitu_image_storage/img_dir_141/insitu141562.jpe
/data/insitu_images/insitu_image_storage/img_dir_141/insitu141563.jpe
/data/insitu_images/insitu_image_storage/img_dir_141/insitu141564.jpe
/data/insitu_images/insitu_image_storage/img_dir_141/insitu141565.jpe
/data/insitu_images/insitu_image_storage/img_dir_141/insitu141566.jpe
/data/insitu_images/insitu_image_storage/img_dir_141/insitu141567.jpe"
9,Fisher50,ChIP-19,PCE(B7)-pCRM19,chr2L,15481618,15483118,easy,2L:15481618..15483118,,chr2L:15481618..15483118,,,"/data/insitu_images/insitu_image_storage/img_dir_141/insitu141602.jpe
/data/insitu_images/insitu_image_storage/img_dir_141/insitu141603.jpe
/data/insitu_images/insitu_image_storage/img_dir_141/insitu141604.jpe
/data/insitu_images/insitu_image_storage/img_dir_141/insitu141605.jpe
/data/insitu_images/insitu_image_storage/img_dir_141/insitu141606.jpe
/data/insitu_images/insitu_image_storage/img_dir_141/insitu141607.jpe
/data/insitu_images/insitu_image_storage/img_dir_141/insitu141608.jpe
/data/insitu_images/insitu_image_storage/img_dir_141/insitu141609.jpe
/data/insitu_images/insitu_image_storage/img_dir_141/insitu141610.jpe
/data/insitu_images/insitu_image_storage/img_dir_141/insitu141611.jpe
/data/insitu_images/insitu_image_storage/img_dir_141/insitu141612.jpe
/data/insitu_images/insitu_image_storage/img_dir_141/insitu141613.jpe
/data/insitu_images/insitu_image_storage/img_dir_141/insitu141614.jpe"
10,Fisher4,ChIP-2,PCE(A2)-pCRM2,chr2L,21876210,21877710,easy,2L:21876210..21877710,,chr2L:21876210..21877710,,,"/data/insitu_images/insitu_image_storage/img_dir_141/insitu141105.jpe
/data/insitu_images/insitu_image_storage/img_dir_141/insitu141106.jpe
/data/insitu_images/insitu_image_storage/img_dir_141/insitu141107.jpe
/data/insitu_images/insitu_image_storage/img_dir_141/insitu141108.jpe
/data/insitu_images/insitu_image_storage/img_dir_141/insitu141109.jpe
/data/insitu_images/insitu_image_storage/img_dir_141/insitu141110.jpe
/data/insitu_images/insitu_image_storage/img_dir_141/insitu141111.jpe
/data/insitu_images/insitu_image_storage/img_dir_141/insitu141112.jpe
/data/insitu_images/insitu_image_storage/img_dir_141/insitu141113.jpe
/data/insitu_images/insitu_image_storage/img_dir_141/insitu141114.jpe
/data/insitu_images/insitu_image_storage/img_dir_141/insitu141115.jpe
/data/insitu_images/insitu_image_storage/img_dir_141/insitu141116.jpe
/data/insitu_images/insitu_image_storage/img_dir_141/insitu141117.jpe
/data/insitu_images/insitu_image_storage/img_dir_141/insitu141118.jpe
/data/insitu_images/insitu_image_storage/img_dir_141/insitu141119.jpe
/data/insitu_images/insitu_image_storage/img_dir_141/insitu141120.jpe
/data/insitu_images/insitu_image_storage/img_dir_141/insitu141121.jpe"
11,Fisher14,ChIP-21,PCE(B9)-pCRM21,chr2L,517645,519145,easy,2L:517645..519145,,chr2L:517645..519145,,,"/data/insitu_images/insitu_image_storage/img_dir_141/insitu141643.jpe
/data/insitu_images/insitu_image_storage/img_dir_141/insitu141644.jpe
/data/insitu_images/insitu_image_storage/img_dir_141/insitu141645.jpe
/data/insitu_images/insitu_image_storage/img_dir_141/insitu141646.jpe
/data/insitu_images/insitu_image_storage/img_dir_141/insitu141647.jpe
/data/insitu_images/insitu_image_storage/img_dir_141/insitu141648.jpe
/data/insitu_images/insitu_image_storage/img_dir_141/insitu141649.jpe
/data/insitu_images/insitu_image_storage/img_dir_141/insitu141650.jpe
/data/insitu_images/insitu_image_storage/img_dir_141/insitu141651.jpe
/data/insitu_images/insitu_image_storage/img_dir_141/insitu141652.jpe
/data/insitu_images/insitu_image_storage/img_dir_141/insitu141653.jpe
/data/insitu_images/insitu_image_storage/img_dir_141/insitu141654.jpe
/data/insitu_images/insitu_image_storage/img_dir_141/insitu141655.jpe
/data/insitu_images/insitu_image_storage/img_dir_141/insitu141656.jpe
/data/insitu_images/insitu_image_storage/img_dir_141/insitu141657.jpe
/data/insitu_images/insitu_image_storage/img_dir_141/insitu141658.jpe
/data/insitu_images/insitu_image_storage/img_dir_141/insitu141659.jpe
/data/insitu_images/insitu_image_storage/img_dir_141/insitu141660.jpe
/data/insitu_images/insitu_image_storage/img_dir_141/insitu141661.jpe
/data/insitu_images/insitu_image_storage/img_dir_141/insitu141662.jpe
/data/insitu_images/insitu_image_storage/img_dir_141/insitu141663.jpe"
12,Fisher45,ChIP-22,PCE(B10)-pCRM22,chr2L,12459678,12461178,easy,2L:12459678..12461178,,chr2L:12459678..12461178,,,"/data/insitu_images/insitu_image_storage/img_dir_141/insitu141691.jpe
/data/insitu_images/insitu_image_storage/img_dir_141/insitu141692.jpe
/data/insitu_images/insitu_image_storage/img_dir_141/insitu141693.jpe
/data/insitu_images/insitu_image_storage/img_dir_141/insitu141694.jpe
/data/insitu_images/insitu_image_storage/img_dir_141/insitu141695.jpe
/data/insitu_images/insitu_image_storage/img_dir_141/insitu141696.jpe
/data/insitu_images/insitu_image_storage/img_dir_141/insitu141697.jpe
/data/insitu_images/insitu_image_storage/img_dir_141/insitu141698.jpe
/data/insitu_images/insitu_image_storage/img_dir_141/insitu141699.jpe
/data/insitu_images/insitu_image_storage/img_dir_141/insitu141700.jpe
/data/insitu_images/insitu_image_storage/img_dir_141/insitu141701.jpe
/data/insitu_images/insitu_image_storage/img_dir_141/insitu141702.jpe
/data/insitu_images/insitu_image_storage/img_dir_141/insitu141703.jpe
/data/insitu_images/insitu_image_storage/img_dir_141/insitu141704.jpe
/data/insitu_images/insitu_image_storage/img_dir_141/insitu141705.jpe"
13,Fisher56,ChIP-23,PCE(B11)-pCRM23,chr2L,12543076,12544576,easy,2L:12543076..12544576,,chr2L:12543076..12544576,,,"/data/insitu_images/insitu_image_storage/img_dir_141/insitu141726.jpe
/data/insitu_images/insitu_image_storage/img_dir_141/insitu141727.jpe
/data/insitu_images/insitu_image_storage/img_dir_141/insitu141728.jpe"
14,Fisher19,ChIP-24,PCE(B12)-pCRM24,chr2L,18894906,18896406,easy,2L:18894906..18896406,,chr2L:18894906..18896406,,,"/data/insitu_images/insitu_image_storage/img_dir_141/insitu141743.jpe
/data/insitu_images/insitu_image_storage/img_dir_141/insitu141744.jpe
/data/insitu_images/insitu_image_storage/img_dir_141/insitu141745.jpe
/data/insitu_images/insitu_image_storage/img_dir_141/insitu141746.jpe
/data/insitu_images/insitu_image_storage/img_dir_141/insitu141747.jpe
/data/insitu_images/insitu_image_storage/img_dir_141/insitu141748.jpe
/data/insitu_images/insitu_image_storage/img_dir_141/insitu141749.jpe
/data/insitu_images/insitu_image_storage/img_dir_141/insitu141750.jpe"
15,Fisher41,ChIP-25,PCE(C1)-pCRM25,chr3R,2588144,2589644,easy,3R:6762422..6763922,,chr3R:2588144..2589644,,,"/data/insitu_images/insitu_image_storage/img_dir_142/insitu142010.jpe
/data/insitu_images/insitu_image_storage/img_dir_142/insitu142011.jpe
/data/insitu_images/insitu_image_storage/img_dir_142/insitu142012.jpe
/data/insitu_images/insitu_image_storage/img_dir_142/insitu142013.jpe
/data/insitu_images/insitu_image_storage/img_dir_142/insitu142014.jpe
/data/insitu_images/insitu_image_storage/img_dir_142/insitu142015.jpe
/data/insitu_images/insitu_image_storage/img_dir_142/insitu142016.jpe
/data/insitu_images/insitu_image_storage/img_dir_142/insitu142017.jpe
/data/insitu_images/insitu_image_storage/img_dir_142/insitu142018.jpe
/data/insitu_images/insitu_image_storage/img_dir_142/insitu142019.jpe
/data/insitu_images/insitu_image_storage/img_dir_142/insitu142020.jpe
/data/insitu_images/insitu_image_storage/img_dir_142/insitu142021.jpe
/data/insitu_images/insitu_image_storage/img_dir_142/insitu142022.jpe
/data/insitu_images/insitu_image_storage/img_dir_142/insitu142023.jpe
/data/insitu_images/insitu_image_storage/img_dir_142/insitu142024.jpe
/data/insitu_images/insitu_image_storage/img_dir_142/insitu142025.jpe
/data/insitu_images/insitu_image_storage/img_dir_142/insitu142026.jpe"
16,Fisher18,ChIP-28,PCE(C4)-pCRM28,chr3R,27018162,27019662,easy,3R:31192440..31193940,,chr3R:27018162..27019662,,,"/data/insitu_images/insitu_image_storage/img_dir_142/insitu142074.jpe
/data/insitu_images/insitu_image_storage/img_dir_142/insitu142075.jpe
/data/insitu_images/insitu_image_storage/img_dir_142/insitu142076.jpe
/data/insitu_images/insitu_image_storage/img_dir_142/insitu142077.jpe
/data/insitu_images/insitu_image_storage/img_dir_142/insitu142078.jpe
/data/insitu_images/insitu_image_storage/img_dir_142/insitu142079.jpe
/data/insitu_images/insitu_image_storage/img_dir_142/insitu142080.jpe
/data/insitu_images/insitu_image_storage/img_dir_142/insitu142081.jpe
/data/insitu_images/insitu_image_storage/img_dir_142/insitu142082.jpe
/data/insitu_images/insitu_image_storage/img_dir_142/insitu142083.jpe
/data/insitu_images/insitu_image_storage/img_dir_142/insitu142084.jpe"
17,Fisher24,ChIP-35,PCE(C11)-pCRM35,chr3L,14268611,14270111,easy,3L:14275511..14277011,,chr3L:14268611..14270111,,,"/data/insitu_images/insitu_image_storage/img_dir_142/insitu142120.jpe
/data/insitu_images/insitu_image_storage/img_dir_142/insitu142121.jpe
/data/insitu_images/insitu_image_storage/img_dir_142/insitu142122.jpe
/data/insitu_images/insitu_image_storage/img_dir_142/insitu142123.jpe
/data/insitu_images/insitu_image_storage/img_dir_142/insitu142124.jpe
/data/insitu_images/insitu_image_storage/img_dir_142/insitu142125.jpe
/data/insitu_images/insitu_image_storage/img_dir_142/insitu142126.jpe
/data/insitu_images/insitu_image_storage/img_dir_142/insitu142127.jpe
/data/insitu_images/insitu_image_storage/img_dir_142/insitu142128.jpe
/data/insitu_images/insitu_image_storage/img_dir_142/insitu142129.jpe
/data/insitu_images/insitu_image_storage/img_dir_142/insitu142130.jpe
/data/insitu_images/insitu_image_storage/img_dir_142/insitu142131.jpe
/data/insitu_images/insitu_image_storage/img_dir_142/insitu142132.jpe
/data/insitu_images/insitu_image_storage/img_dir_142/insitu142133.jpe"
18,Fisher23,ChIP-36,PCE(C12)-pCRM36,chr3R,11479078,11480578,easy,3R:15653356..15654856,,chr3R:11479078..11480578,,,"/data/insitu_images/insitu_image_storage/img_dir_142/insitu142158.jpe
/data/insitu_images/insitu_image_storage/img_dir_142/insitu142159.jpe
/data/insitu_images/insitu_image_storage/img_dir_142/insitu142160.jpe
/data/insitu_images/insitu_image_storage/img_dir_142/insitu142161.jpe
/data/insitu_images/insitu_image_storage/img_dir_142/insitu142162.jpe
/data/insitu_images/insitu_image_storage/img_dir_142/insitu142163.jpe
/data/insitu_images/insitu_image_storage/img_dir_142/insitu142164.jpe
/data/insitu_images/insitu_image_storage/img_dir_142/insitu142165.jpe
/data/insitu_images/insitu_image_storage/img_dir_142/insitu142166.jpe
/data/insitu_images/insitu_image_storage/img_dir_142/insitu142167.jpe
/data/insitu_images/insitu_image_storage/img_dir_142/insitu142168.jpe
/data/insitu_images/insitu_image_storage/img_dir_142/insitu142169.jpe
/data/insitu_images/insitu_image_storage/img_dir_142/insitu142170.jpe
/data/insitu_images/insitu_image_storage/img_dir_142/insitu142171.jpe
/data/insitu_images/insitu_image_storage/img_dir_142/insitu142172.jpe
/data/insitu_images/insitu_image_storage/img_dir_142/insitu142173.jpe
/data/insitu_images/insitu_image_storage/img_dir_142/insitu142174.jpe
/data/insitu_images/insitu_image_storage/img_dir_142/insitu142175.jpe
/data/insitu_images/insitu_image_storage/img_dir_142/insitu142176.jpe
/data/insitu_images/insitu_image_storage/img_dir_142/insitu142177.jpe
/data/insitu_images/insitu_image_storage/img_dir_142/insitu142178.jpe
/data/insitu_images/insitu_image_storage/img_dir_142/insitu142179.jpe
/data/insitu_images/insitu_image_storage/img_dir_142/insitu142180.jpe
/data/insitu_images/insitu_image_storage/img_dir_142/insitu142181.jpe"
19,Fisher28,ChIP-37,PCE(D1)-pCRM37,chr3R,12076498,12077998,easy,3R:16250776..16252276,,chr3R:12076498..12077998,,,"/data/insitu_images/insitu_image_storage/img_dir_142/insitu142214.jpe
/data/insitu_images/insitu_image_storage/img_dir_142/insitu142215.jpe
/data/insitu_images/insitu_image_storage/img_dir_142/insitu142216.jpe
/data/insitu_images/insitu_image_storage/img_dir_142/insitu142217.jpe
/data/insitu_images/insitu_image_storage/img_dir_142/insitu142218.jpe
/data/insitu_images/insitu_image_storage/img_dir_142/insitu142219.jpe"
20,Fisher29,ChIP-38,PCE(D2)-pCRM38,chr3R,12907631,12909131,easy,3R:17081909..17083409,,chr3R:12907631..12909131,,,"/data/insitu_images/insitu_image_storage/img_dir_142/insitu142239.jpe
/data/insitu_images/insitu_image_storage/img_dir_142/insitu142240.jpe
/data/insitu_images/insitu_image_storage/img_dir_142/insitu142241.jpe
/data/insitu_images/insitu_image_storage/img_dir_142/insitu142242.jpe
/data/insitu_images/insitu_image_storage/img_dir_142/insitu142243.jpe
/data/insitu_images/insitu_image_storage/img_dir_142/insitu142244.jpe
/data/insitu_images/insitu_image_storage/img_dir_142/insitu142245.jpe
/data/insitu_images/insitu_image_storage/img_dir_142/insitu142246.jpe
/data/insitu_images/insitu_image_storage/img_dir_142/insitu142247.jpe
/data/insitu_images/insitu_image_storage/img_dir_142/insitu142248.jpe
/data/insitu_images/insitu_image_storage/img_dir_142/insitu142249.jpe
/data/insitu_images/insitu_image_storage/img_dir_142/insitu142250.jpe"
21,Fisher32,ChIP-39,PCE(D3)-pCRM39,chr3R,13219496,13220996,easy,3R:17393774..17395274,,chr3R:13219496..13220996,,,"/data/insitu_images/insitu_image_storage/img_dir_142/insitu142266.jpe
/data/insitu_images/insitu_image_storage/img_dir_142/insitu142267.jpe
/data/insitu_images/insitu_image_storage/img_dir_142/insitu142268.jpe
/data/insitu_images/insitu_image_storage/img_dir_142/insitu142269.jpe
/data/insitu_images/insitu_image_storage/img_dir_142/insitu142270.jpe
/data/insitu_images/insitu_image_storage/img_dir_142/insitu142271.jpe
/data/insitu_images/insitu_image_storage/img_dir_142/insitu142272.jpe
/data/insitu_images/insitu_image_storage/img_dir_142/insitu142273.jpe
/data/insitu_images/insitu_image_storage/img_dir_142/insitu142274.jpe
/data/insitu_images/insitu_image_storage/img_dir_142/insitu142275.jpe
/data/insitu_images/insitu_image_storage/img_dir_142/insitu142276.jpe
/data/insitu_images/insitu_image_storage/img_dir_142/insitu142277.jpe
/data/insitu_images/insitu_image_storage/img_dir_142/insitu142278.jpe
/data/insitu_images/insitu_image_storage/img_dir_142/insitu142279.jpe
/data/insitu_images/insitu_image_storage/img_dir_142/insitu142280.jpe
/data/insitu_images/insitu_image_storage/img_dir_142/insitu142281.jpe"
22,Fisher65,ChIP-4,PCE(A4)_PCRM4,chr3R,26690844,26692344,hard,3R:30865122..30866622,,chr3R:26690844..26692344,,,"/data/insitu_images/insitu_image_storage/img_dir_141/insitu141151.jpe
/data/insitu_images/insitu_image_storage/img_dir_141/insitu141152.jpe
/data/insitu_images/insitu_image_storage/img_dir_141/insitu141153.jpe
/data/insitu_images/insitu_image_storage/img_dir_141/insitu141154.jpe
/data/insitu_images/insitu_image_storage/img_dir_141/insitu141155.jpe
/data/insitu_images/insitu_image_storage/img_dir_141/insitu141156.jpe
/data/insitu_images/insitu_image_storage/img_dir_141/insitu141157.jpe
/data/insitu_images/insitu_image_storage/img_dir_141/insitu141158.jpe
/data/insitu_images/insitu_image_storage/img_dir_141/insitu141159.jpe
/data/insitu_images/insitu_image_storage/img_dir_141/insitu141160.jpe
/data/insitu_images/insitu_image_storage/img_dir_141/insitu141161.jpe
/data/insitu_images/insitu_image_storage/img_dir_141/insitu141162.jpe
/data/insitu_images/insitu_image_storage/img_dir_141/insitu141163.jpe
/data/insitu_images/insitu_image_storage/img_dir_141/insitu141164.jpe"
23,Fisher17,ChIP-41,PCE(D5)-pCRM41,chr3R,15175521,15177021,easy,3R:19349799..19351299,,chr3R:15175521..15177021,,,"/data/insitu_images/insitu_image_storage/img_dir_142/insitu142299.jpe
/data/insitu_images/insitu_image_storage/img_dir_142/insitu142300.jpe
/data/insitu_images/insitu_image_storage/img_dir_142/insitu142301.jpe
/data/insitu_images/insitu_image_storage/img_dir_142/insitu142302.jpe
/data/insitu_images/insitu_image_storage/img_dir_142/insitu142303.jpe
/data/insitu_images/insitu_image_storage/img_dir_142/insitu142304.jpe
/data/insitu_images/insitu_image_storage/img_dir_142/insitu142305.jpe
/data/insitu_images/insitu_image_storage/img_dir_142/insitu142306.jpe"
24,Fisher64,ChIP-42,PCE(D6)-pCRM42,chr2R,18936830,18938330,easy,2R:23049307..23050807,,chr2R:18936830..18938330,,,"/data/insitu_images/insitu_image_storage/img_dir_142/insitu142333.jpe
/data/insitu_images/insitu_image_storage/img_dir_142/insitu142334.jpe
/data/insitu_images/insitu_image_storage/img_dir_142/insitu142335.jpe
/data/insitu_images/insitu_image_storage/img_dir_142/insitu142336.jpe
/data/insitu_images/insitu_image_storage/img_dir_142/insitu142337.jpe
/data/insitu_images/insitu_image_storage/img_dir_142/insitu142338.jpe"
25,Fisher15,ChIP-43,PCE(D7)-pCRM43,chr2R,18576949,18578449,easy,2R:22689444..22690944,,chr2R:18576949..18578449,,,"/data/insitu_images/insitu_image_storage/img_dir_142/insitu142359.jpe
/data/insitu_images/insitu_image_storage/img_dir_142/insitu142360.jpe
/data/insitu_images/insitu_image_storage/img_dir_142/insitu142361.jpe
/data/insitu_images/insitu_image_storage/img_dir_142/insitu142362.jpe
/data/insitu_images/insitu_image_storage/img_dir_142/insitu142363.jpe
/data/insitu_images/insitu_image_storage/img_dir_142/insitu142364.jpe
/data/insitu_images/insitu_image_storage/img_dir_142/insitu142365.jpe
/data/insitu_images/insitu_image_storage/img_dir_142/insitu142366.jpe
/data/insitu_images/insitu_image_storage/img_dir_142/insitu142367.jpe
/data/insitu_images/insitu_image_storage/img_dir_142/insitu142368.jpe
/data/insitu_images/insitu_image_storage/img_dir_142/insitu142369.jpe
/data/insitu_images/insitu_image_storage/img_dir_142/insitu142370.jpe
/data/insitu_images/insitu_image_storage/img_dir_142/insitu142371.jpe"
26,Fisher31,ChIP-48,PCE(D11)-pCRM48,chr3R,9540386,9541886,easy,3R:13714664..13716164,,chr3R:9540386..9541886,,,"/data/insitu_images/insitu_image_storage/img_dir_142/insitu142404.jpe
/data/insitu_images/insitu_image_storage/img_dir_142/insitu142405.jpe
/data/insitu_images/insitu_image_storage/img_dir_142/insitu142406.jpe
/data/insitu_images/insitu_image_storage/img_dir_142/insitu142407.jpe
/data/insitu_images/insitu_image_storage/img_dir_142/insitu142408.jpe
/data/insitu_images/insitu_image_storage/img_dir_142/insitu142409.jpe
/data/insitu_images/insitu_image_storage/img_dir_142/insitu142410.jpe
/data/insitu_images/insitu_image_storage/img_dir_142/insitu142411.jpe
/data/insitu_images/insitu_image_storage/img_dir_142/insitu142412.jpe
/data/insitu_images/insitu_image_storage/img_dir_142/insitu142413.jpe"
27,Fisher8,ChIP-49,PCE(D12)-pCRM49,chr3R,9118714,9120214,easy,3R:13292992..13294492,,chr3R:9118714..9120214,,,"/data/insitu_images/insitu_image_storage/img_dir_142/insitu142426.jpe
/data/insitu_images/insitu_image_storage/img_dir_142/insitu142427.jpe
/data/insitu_images/insitu_image_storage/img_dir_142/insitu142428.jpe
/data/insitu_images/insitu_image_storage/img_dir_142/insitu142429.jpe
/data/insitu_images/insitu_image_storage/img_dir_142/insitu142430.jpe
/data/insitu_images/insitu_image_storage/img_dir_142/insitu142431.jpe
/data/insitu_images/insitu_image_storage/img_dir_142/insitu142432.jpe
/data/insitu_images/insitu_image_storage/img_dir_142/insitu142433.jpe
/data/insitu_images/insitu_image_storage/img_dir_142/insitu142434.jpe
/data/insitu_images/insitu_image_storage/img_dir_142/insitu142435.jpe
/data/insitu_images/insitu_image_storage/img_dir_142/insitu142436.jpe
/data/insitu_images/insitu_image_storage/img_dir_142/insitu142437.jpe
/data/insitu_images/insitu_image_storage/img_dir_142/insitu142438.jpe
/data/insitu_images/insitu_image_storage/img_dir_142/insitu142439.jpe"
28,Fisher7,ChIP-5,PCE(A5)-pCRM5,chr3L,14146039,14147539,easy,3L:14152939..14154439,,chr3L:14146039..14147539,,,"/data/insitu_images/insitu_image_storage/img_dir_141/insitu141207.jpe
/data/insitu_images/insitu_image_storage/img_dir_141/insitu141208.jpe
/data/insitu_images/insitu_image_storage/img_dir_141/insitu141209.jpe
/data/insitu_images/insitu_image_storage/img_dir_141/insitu141210.jpe
/data/insitu_images/insitu_image_storage/img_dir_141/insitu141211.jpe
/data/insitu_images/insitu_image_storage/img_dir_141/insitu141212.jpe
/data/insitu_images/insitu_image_storage/img_dir_141/insitu141213.jpe
/data/insitu_images/insitu_image_storage/img_dir_141/insitu141214.jpe
/data/insitu_images/insitu_image_storage/img_dir_141/insitu141215.jpe
/data/insitu_images/insitu_image_storage/img_dir_141/insitu141216.jpe"
29,Fisher34,ChIP-50,PCE(E1)-pCRM50,chr2L,8831698,8833198,easy,2L:8831698..8833198,,chr2L:8831698..8833198,,,"/data/insitu_images/insitu_image_storage/img_dir_142/insitu142459.jpe
/data/insitu_images/insitu_image_storage/img_dir_142/insitu142460.jpe"
30,Fisher66,ChIP-6,PCE(A6)-pCRM6,chr2L,3580236,3581736,easy,2L:3580236..3581736,,chr2L:3580236..3581736,,,"/data/insitu_images/insitu_image_storage/img_dir_141/insitu141233.jpe
/data/insitu_images/insitu_image_storage/img_dir_141/insitu141234.jpe
/data/insitu_images/insitu_image_storage/img_dir_141/insitu141235.jpe"
31,Fisher58,ChIP-7,PCE(A7)-pCRM7,chr2L,3475864,3477364,easy,2L:3475864..3477364,,chr2L:3475864..3477364,,,"/data/insitu_images/insitu_image_storage/img_dir_141/insitu141261.jpe
/data/insitu_images/insitu_image_storage/img_dir_141/insitu141262.jpe
/data/insitu_images/insitu_image_storage/img_dir_141/insitu141263.jpe
/data/insitu_images/insitu_image_storage/img_dir_141/insitu141264.jpe
/data/insitu_images/insitu_image_storage/img_dir_141/insitu141265.jpe
/data/insitu_images/insitu_image_storage/img_dir_141/insitu141266.jpe
/data/insitu_images/insitu_image_storage/img_dir_141/insitu141267.jpe
/data/insitu_images/insitu_image_storage/img_dir_141/insitu141268.jpe
/data/insitu_images/insitu_image_storage/img_dir_141/insitu141269.jpe
/data/insitu_images/insitu_image_storage/img_dir_141/insitu141270.jpe"
32,Fisher33,ChIP-9,PCE(A9)-pCRM9,chr2L,1076048,1077548,easy,2L:1076048..1077548,,chr2L:1076048..1077548,,,"/data/insitu_images/insitu_image_storage/img_dir_141/insitu141289.jpe
/data/insitu_images/insitu_image_storage/img_dir_141/insitu141290.jpe
/data/insitu_images/insitu_image_storage/img_dir_141/insitu141291.jpe
/data/insitu_images/insitu_image_storage/img_dir_141/insitu141292.jpe
/data/insitu_images/insitu_image_storage/img_dir_141/insitu141293.jpe
/data/insitu_images/insitu_image_storage/img_dir_141/insitu141294.jpe
/data/insitu_images/insitu_image_storage/img_dir_141/insitu141295.jpe
/data/insitu_images/insitu_image_storage/img_dir_141/insitu141296.jpe
/data/insitu_images/insitu_image_storage/img_dir_141/insitu141297.jpe
/data/insitu_images/insitu_image_storage/img_dir_141/insitu141298.jpe
/data/insitu_images/insitu_image_storage/img_dir_141/insitu141299.jpe
/data/insitu_images/insitu_image_storage/img_dir_141/insitu141300.jpe
/data/insitu_images/insitu_image_storage/img_dir_141/insitu141301.jpe
/data/insitu_images/insitu_image_storage/img_dir_141/insitu141302.jpe
/data/insitu_images/insitu_image_storage/img_dir_141/insitu141303.jpe
/data/insitu_images/insitu_image_storage/img_dir_141/insitu141304.jpe
/data/insitu_images/insitu_image_storage/img_dir_141/insitu141305.jpe
/data/insitu_images/insitu_image_storage/img_dir_141/insitu141306.jpe
/data/insitu_images/insitu_image_storage/img_dir_141/insitu141307.jpe
/data/insitu_images/insitu_image_storage/img_dir_141/insitu141308.jpe
/data/insitu_images/insitu_image_storage/img_dir_141/insitu141309.jpe
/data/insitu_images/insitu_image_storage/img_dir_141/insitu141310.jpe
/data/insitu_images/insitu_image_storage/img_dir_141/insitu141311.jpe
/data/insitu_images/insitu_image_storage/img_dir_141/insitu141312.jpe"
33,Fisher9,ChIP-AHD1,PCE(H4)-ADH_PCE1,chr3R,2774273,2775773,easy,3R:6948551..6950051,,chr3R:2774273..2775773,,,"/data/insitu_images/insitu_image_storage/img_dir_143/insitu143131.jpe
/data/insitu_images/insitu_image_storage/img_dir_143/insitu143132.jpe
/data/insitu_images/insitu_image_storage/img_dir_143/insitu143133.jpe
/data/insitu_images/insitu_image_storage/img_dir_143/insitu143134.jpe
/data/insitu_images/insitu_image_storage/img_dir_143/insitu143135.jpe
/data/insitu_images/insitu_image_storage/img_dir_143/insitu143136.jpe
/data/insitu_images/insitu_image_storage/img_dir_143/insitu143137.jpe
/data/insitu_images/insitu_image_storage/img_dir_143/insitu143138.jpe
/data/insitu_images/insitu_image_storage/img_dir_143/insitu143139.jpe
/data/insitu_images/insitu_image_storage/img_dir_143/insitu143140.jpe
/data/insitu_images/insitu_image_storage/img_dir_143/insitu143141.jpe
/data/insitu_images/insitu_image_storage/img_dir_143/insitu143142.jpe
/data/insitu_images/insitu_image_storage/img_dir_143/insitu143143.jpe
/data/insitu_images/insitu_image_storage/img_dir_143/insitu143144.jpe
/data/insitu_images/insitu_image_storage/img_dir_143/insitu143145.jpe"
34,Fisher52,ChIP-AHD10,PCE(H12)-ADH_PCE10,chr3L,18581141,18582641,easy,3L:18588041..18589541,,chr3L:18581141..18582641,,,"/data/insitu_images/insitu_image_storage/img_dir_143/insitu143377.jpe
/data/insitu_images/insitu_image_storage/img_dir_143/insitu143378.jpe
/data/insitu_images/insitu_image_storage/img_dir_143/insitu143379.jpe
/data/insitu_images/insitu_image_storage/img_dir_143/insitu143380.jpe"
35,Fisher6,ChIP-AHD2,PCE(H5)-ADH_PCE2,chr2L,20768045,20769545,easy,2L:20768045..20769545,,chr2L:20768045..20769545,,,"/data/insitu_images/insitu_image_storage/img_dir_143/insitu143160.jpe
/data/insitu_images/insitu_image_storage/img_dir_143/insitu143161.jpe
/data/insitu_images/insitu_image_storage/img_dir_143/insitu143162.jpe
/data/insitu_images/insitu_image_storage/img_dir_143/insitu143163.jpe
/data/insitu_images/insitu_image_storage/img_dir_143/insitu143164.jpe
/data/insitu_images/insitu_image_storage/img_dir_143/insitu143165.jpe
/data/insitu_images/insitu_image_storage/img_dir_143/insitu143166.jpe
/data/insitu_images/insitu_image_storage/img_dir_143/insitu143167.jpe
/data/insitu_images/insitu_image_storage/img_dir_143/insitu143168.jpe
/data/insitu_images/insitu_image_storage/img_dir_143/insitu143169.jpe
/data/insitu_images/insitu_image_storage/img_dir_143/insitu143170.jpe"
36,Fisher26,ChIP-AHD4,PCE(H7)-ADH_PCE4,chr3R,881171,882671,easy,3R:5055449..5056949,,chr3R:881171..882671,,,"/data/insitu_images/insitu_image_storage/img_dir_143/insitu143196.jpe
/data/insitu_images/insitu_image_storage/img_dir_143/insitu143197.jpe
/data/insitu_images/insitu_image_storage/img_dir_143/insitu143198.jpe
/data/insitu_images/insitu_image_storage/img_dir_143/insitu143199.jpe
/data/insitu_images/insitu_image_storage/img_dir_143/insitu143200.jpe
/data/insitu_images/insitu_image_storage/img_dir_143/insitu143201.jpe
/data/insitu_images/insitu_image_storage/img_dir_143/insitu143202.jpe
/data/insitu_images/insitu_image_storage/img_dir_143/insitu143203.jpe
/data/insitu_images/insitu_image_storage/img_dir_143/insitu143204.jpe
/data/insitu_images/insitu_image_storage/img_dir_143/insitu143205.jpe
/data/insitu_images/insitu_image_storage/img_dir_143/insitu143206.jpe
/data/insitu_images/insitu_image_storage/img_dir_143/insitu143207.jpe
/data/insitu_images/insitu_image_storage/img_dir_143/insitu143208.jpe
/data/insitu_images/insitu_image_storage/img_dir_143/insitu143209.jpe"
37,Fisher12,ChIP-AHD6,PCE(H9)-ADH_PCE6,chr3R,11814312,11815812,easy,3R:15988590..15990090,,chr3R:11814312..11815812,,,"/data/insitu_images/insitu_image_storage/img_dir_143/insitu143240.jpe
/data/insitu_images/insitu_image_storage/img_dir_143/insitu143241.jpe
/data/insitu_images/insitu_image_storage/img_dir_143/insitu143242.jpe"
38,Fisher21,ChIP-AHD8,PCE(H10)-ADH_PCE8,chr3R,863908,865408,easy,3R:5038186..5039686,,chr3R:863908..865408,,,"/data/insitu_images/insitu_image_storage/img_dir_143/insitu143270.jpe
/data/insitu_images/insitu_image_storage/img_dir_143/insitu143271.jpe
/data/insitu_images/insitu_image_storage/img_dir_143/insitu143272.jpe
/data/insitu_images/insitu_image_storage/img_dir_143/insitu143273.jpe
/data/insitu_images/insitu_image_storage/img_dir_143/insitu143274.jpe
/data/insitu_images/insitu_image_storage/img_dir_143/insitu143275.jpe
/data/insitu_images/insitu_image_storage/img_dir_143/insitu143276.jpe
/data/insitu_images/insitu_image_storage/img_dir_143/insitu143277.jpe
/data/insitu_images/insitu_image_storage/img_dir_143/insitu143278.jpe
/data/insitu_images/insitu_image_storage/img_dir_143/insitu143279.jpe
/data/insitu_images/insitu_image_storage/img_dir_143/insitu143280.jpe
/data/insitu_images/insitu_image_storage/img_dir_143/insitu143281.jpe
/data/insitu_images/insitu_image_storage/img_dir_143/insitu143282.jpe
/data/insitu_images/insitu_image_storage/img_dir_143/insitu143283.jpe
/data/insitu_images/insitu_image_storage/img_dir_143/insitu143284.jpe
/data/insitu_images/insitu_image_storage/img_dir_143/insitu143285.jpe
/data/insitu_images/insitu_image_storage/img_dir_143/insitu143286.jpe
/data/insitu_images/insitu_image_storage/img_dir_143/insitu143287.jpe
/data/insitu_images/insitu_image_storage/img_dir_143/insitu143288.jpe
/data/insitu_images/insitu_image_storage/img_dir_143/insitu143289.jpe
/data/insitu_images/insitu_image_storage/img_dir_143/insitu143290.jpe
/data/insitu_images/insitu_image_storage/img_dir_143/insitu143291.jpe
/data/insitu_images/insitu_image_storage/img_dir_143/insitu143292.jpe
/data/insitu_images/insitu_image_storage/img_dir_143/insitu143293.jpe
/data/insitu_images/insitu_image_storage/img_dir_143/insitu143294.jpe
/data/insitu_images/insitu_image_storage/img_dir_143/insitu143295.jpe
/data/insitu_images/insitu_image_storage/img_dir_143/insitu143296.jpe
/data/insitu_images/insitu_image_storage/img_dir_143/insitu143297.jpe
/data/insitu_images/insitu_image_storage/img_dir_143/insitu143298.jpe
/data/insitu_images/insitu_image_storage/img_dir_143/insitu143299.jpe
/data/insitu_images/insitu_image_storage/img_dir_143/insitu143300.jpe
/data/insitu_images/insitu_image_storage/img_dir_143/insitu143301.jpe
/data/insitu_images/insitu_image_storage/img_dir_143/insitu143302.jpe"
39,Fisher51,ChIP-AHD9,PCE(H11)-ADH_PCE9,chr3R,11474836,11476336,easy,3R:15649114..15650614,,chr3R:11474836..11476336,,,"/data/insitu_images/insitu_image_storage/img_dir_143/insitu143333.jpe
/data/insitu_images/insitu_image_storage/img_dir_143/insitu143334.jpe
/data/insitu_images/insitu_image_storage/img_dir_143/insitu143335.jpe
/data/insitu_images/insitu_image_storage/img_dir_143/insitu143336.jpe
/data/insitu_images/insitu_image_storage/img_dir_143/insitu143337.jpe
/data/insitu_images/insitu_image_storage/img_dir_143/insitu143338.jpe
/data/insitu_images/insitu_image_storage/img_dir_143/insitu143339.jpe
/data/insitu_images/insitu_image_storage/img_dir_143/insitu143340.jpe
/data/insitu_images/insitu_image_storage/img_dir_143/insitu143341.jpe
/data/insitu_images/insitu_image_storage/img_dir_143/insitu143342.jpe
/data/insitu_images/insitu_image_storage/img_dir_143/insitu143343.jpe
/data/insitu_images/insitu_image_storage/img_dir_143/insitu143344.jpe
/data/insitu_images/insitu_image_storage/img_dir_143/insitu143345.jpe
/data/insitu_images/insitu_image_storage/img_dir_143/insitu143346.jpe
/data/insitu_images/insitu_image_storage/img_dir_143/insitu143347.jpe
/data/insitu_images/insitu_image_storage/img_dir_143/insitu143348.jpe
/data/insitu_images/insitu_image_storage/img_dir_143/insitu143349.jpe
/data/insitu_images/insitu_image_storage/img_dir_143/insitu143350.jpe
/data/insitu_images/insitu_image_storage/img_dir_143/insitu143351.jpe
/data/insitu_images/insitu_image_storage/img_dir_143/insitu143352.jpe
/data/insitu_images/insitu_image_storage/img_dir_143/insitu143353.jpe
/data/insitu_images/insitu_image_storage/img_dir_143/insitu143354.jpe
/data/insitu_images/insitu_image_storage/img_dir_143/insitu143355.jpe
/data/insitu_images/insitu_image_storage/img_dir_143/insitu143356.jpe
/data/insitu_images/insitu_image_storage/img_dir_143/insitu143357.jpe
/data/insitu_images/insitu_image_storage/img_dir_143/insitu143358.jpe
/data/insitu_images/insitu_image_storage/img_dir_143/insitu143359.jpe
/data/insitu_images/insitu_image_storage/img_dir_143/insitu143360.jpe
/data/insitu_images/insitu_image_storage/img_dir_143/insitu143361.jpe"
40,Fisher57,ChIP-miRNA5,PCE(G11)-miRNAPCE5,chr2R,8059538,8061038,easy,2R:12172033..12173533,,chr2R:8059538..8061038,mir-281,,"/data/insitu_images/insitu_image_storage/img_dir_142/insitu142961.jpe
/data/insitu_images/insitu_image_storage/img_dir_142/insitu142962.jpe
/data/insitu_images/insitu_image_storage/img_dir_142/insitu142963.jpe
/data/insitu_images/insitu_image_storage/img_dir_142/insitu142964.jpe
/data/insitu_images/insitu_image_storage/img_dir_142/insitu142965.jpe
/data/insitu_images/insitu_image_storage/img_dir_142/insitu142966.jpe
/data/insitu_images/insitu_image_storage/img_dir_142/insitu142967.jpe
/data/insitu_images/insitu_image_storage/img_dir_142/insitu142968.jpe"
41,Fisher49,ChIP-miRNA6,PCE(G12)-miRNAPCE6,chr2R,9224248,9225748,hard,2R:13336743..13338243,,chr2R:9224248..9225748,mir-184,,"/data/insitu_images/insitu_image_storage/img_dir_142/insitu142983.jpe
/data/insitu_images/insitu_image_storage/img_dir_142/insitu142984.jpe
/data/insitu_images/insitu_image_storage/img_dir_142/insitu142985.jpe
/data/insitu_images/insitu_image_storage/img_dir_142/insitu142986.jpe
/data/insitu_images/insitu_image_storage/img_dir_142/insitu142987.jpe
/data/insitu_images/insitu_image_storage/img_dir_142/insitu142988.jpe
/data/insitu_images/insitu_image_storage/img_dir_142/insitu142989.jpe
/data/insitu_images/insitu_image_storage/img_dir_142/insitu142990.jpe
/data/insitu_images/insitu_image_storage/img_dir_142/insitu142991.jpe
/data/insitu_images/insitu_image_storage/img_dir_142/insitu142992.jpe
/data/insitu_images/insitu_image_storage/img_dir_142/insitu142993.jpe
/data/insitu_images/insitu_image_storage/img_dir_142/insitu142994.jpe
/data/insitu_images/insitu_image_storage/img_dir_142/insitu142995.jpe
/data/insitu_images/insitu_image_storage/img_dir_142/insitu142996.jpe
/data/insitu_images/insitu_image_storage/img_dir_142/insitu142997.jpe
/data/insitu_images/insitu_image_storage/img_dir_142/insitu142998.jpe
/data/insitu_images/insitu_image_storage/img_dir_142/insitu142999.jpe
/data/insitu_images/insitu_image_storage/img_dir_142/insitu143000.jpe
/data/insitu_images/insitu_image_storage/img_dir_143/insitu143001.jpe
/data/insitu_images/insitu_image_storage/img_dir_143/insitu143002.jpe
/data/insitu_images/insitu_image_storage/img_dir_143/insitu143003.jpe
/data/insitu_images/insitu_image_storage/img_dir_143/insitu143004.jpe
/data/insitu_images/insitu_image_storage/img_dir_143/insitu143005.jpe
/data/insitu_images/insitu_image_storage/img_dir_143/insitu143006.jpe
/data/insitu_images/insitu_image_storage/img_dir_143/insitu143007.jpe
/data/insitu_images/insitu_image_storage/img_dir_143/insitu143008.jpe
/data/insitu_images/insitu_image_storage/img_dir_143/insitu143009.jpe
/data/insitu_images/insitu_image_storage/img_dir_143/insitu143010.jpe
/data/insitu_images/insitu_image_storage/img_dir_143/insitu143011.jpe
/data/insitu_images/insitu_image_storage/img_dir_143/insitu143012.jpe
/data/insitu_images/insitu_image_storage/img_dir_143/insitu143013.jpe
/data/insitu_images/insitu_image_storage/img_dir_143/insitu143014.jpe
/data/insitu_images/insitu_image_storage/img_dir_143/insitu143015.jpe"
42,Fisher30,ChIP-miRNA7,PCE(H1)-miRNAPCE7,chr3L,639450,640950,easy,3L:639450..640950,,chr3L:639450..640950,bantam,,"/data/insitu_images/insitu_image_storage/img_dir_143/insitu143050.jpe
/data/insitu_images/insitu_image_storage/img_dir_143/insitu143051.jpe
/data/insitu_images/insitu_image_storage/img_dir_143/insitu143052.jpe
/data/insitu_images/insitu_image_storage/img_dir_143/insitu143053.jpe
/data/insitu_images/insitu_image_storage/img_dir_143/insitu143054.jpe
/data/insitu_images/insitu_image_storage/img_dir_143/insitu143055.jpe
/data/insitu_images/insitu_image_storage/img_dir_143/insitu143056.jpe
/data/insitu_images/insitu_image_storage/img_dir_143/insitu143057.jpe
/data/insitu_images/insitu_image_storage/img_dir_143/insitu143058.jpe
/data/insitu_images/insitu_image_storage/img_dir_143/insitu143059.jpe
/data/insitu_images/insitu_image_storage/img_dir_143/insitu143060.jpe
/data/insitu_images/insitu_image_storage/img_dir_143/insitu143061.jpe
/data/insitu_images/insitu_image_storage/img_dir_143/insitu143062.jpe
/data/insitu_images/insitu_image_storage/img_dir_143/insitu143063.jpe"
43,Fisher25,ChIP-miRNA9,PCE(H3)-miRNAPCE9,chr3R,2630027,2631527,easy,3R:6804305..6805805,,chr3R:2630027..2631527,mir-10,,"/data/insitu_images/insitu_image_storage/img_dir_143/insitu143076.jpe
/data/insitu_images/insitu_image_storage/img_dir_143/insitu143077.jpe
/data/insitu_images/insitu_image_storage/img_dir_143/insitu143078.jpe
/data/insitu_images/insitu_image_storage/img_dir_143/insitu143079.jpe
/data/insitu_images/insitu_image_storage/img_dir_143/insitu143080.jpe
/data/insitu_images/insitu_image_storage/img_dir_143/insitu143081.jpe
/data/insitu_images/insitu_image_storage/img_dir_143/insitu143082.jpe
/data/insitu_images/insitu_image_storage/img_dir_143/insitu143083.jpe
/data/insitu_images/insitu_image_storage/img_dir_143/insitu143084.jpe
/data/insitu_images/insitu_image_storage/img_dir_143/insitu143085.jpe
/data/insitu_images/insitu_image_storage/img_dir_143/insitu143086.jpe
/data/insitu_images/insitu_image_storage/img_dir_143/insitu143087.jpe
/data/insitu_images/insitu_image_storage/img_dir_143/insitu143088.jpe
/data/insitu_images/insitu_image_storage/img_dir_143/insitu143089.jpe
/data/insitu_images/insitu_image_storage/img_dir_143/insitu143090.jpe
/data/insitu_images/insitu_image_storage/img_dir_143/insitu143091.jpe
/data/insitu_images/insitu_image_storage/img_dir_143/insitu143092.jpe
/data/insitu_images/insitu_image_storage/img_dir_143/insitu143093.jpe"
44,Fisher38,Cluster-8056,PCE8056,chrX,20522614,20524166,easy,X:20651587..20653139,,chrX:20522614..20524166,,,"/data/insitu_images/insitu_image_storage/img_dir_112/insitu112765.jpe
/data/insitu_images/insitu_image_storage/img_dir_112/insitu112766.jpe
/data/insitu_images/insitu_image_storage/img_dir_112/insitu112767.jpe
/data/insitu_images/insitu_image_storage/img_dir_112/insitu112768.jpe
/data/insitu_images/insitu_image_storage/img_dir_169/insitu169270.jpe
/data/insitu_images/insitu_image_storage/img_dir_169/insitu169271.jpe"
45,Fisher13,Cluster-8066,PCE8066,chrX,20546871,20551436,easy,X:20675844..20680409,,chrX:20546871..20551436,,,"/data/insitu_images/insitu_image_storage/img_dir_76/insitu76165.jpe
/data/insitu_images/insitu_image_storage/img_dir_76/insitu76166.jpe
/data/insitu_images/insitu_image_storage/img_dir_76/insitu76168.jpe
/data/insitu_images/insitu_image_storage/img_dir_76/insitu76170.jpe
/data/insitu_images/insitu_image_storage/img_dir_76/insitu76173.jpe
/data/insitu_images/insitu_image_storage/img_dir_76/insitu76175.jpe"
46,Fisher11,Cluster-8067,PCE8067,chr3R,2682835,2684301,easy,3R:6857113..6858579,,chr3R:2682835..2684301,,,"/data/insitu_images/insitu_image_storage/img_dir_112/insitu112777.jpe
/data/insitu_images/insitu_image_storage/img_dir_112/insitu112778.jpe
/data/insitu_images/insitu_image_storage/img_dir_112/insitu112779.jpe
/data/insitu_images/insitu_image_storage/img_dir_112/insitu112780.jpe"
47,Fisher3,Cluster-8083,PCE8083,chr3L,14165574,14167547,easy,3L:14172474..14174447,,chr3L:14165574..14167547,,,"/data/insitu_images/insitu_image_storage/img_dir_112/insitu112791.jpe
/data/insitu_images/insitu_image_storage/img_dir_112/insitu112792.jpe
/data/insitu_images/insitu_image_storage/img_dir_112/insitu112793.jpe
/data/insitu_images/insitu_image_storage/img_dir_112/insitu112794.jpe
/data/insitu_images/insitu_image_storage/img_dir_112/insitu112795.jpe
/data/insitu_images/insitu_image_storage/img_dir_112/insitu112796.jpe
/data/insitu_images/insitu_image_storage/img_dir_112/insitu112797.jpe
/data/insitu_images/insitu_image_storage/img_dir_112/insitu112798.jpe
/data/insitu_images/insitu_image_storage/img_dir_112/insitu112799.jpe
/data/insitu_images/insitu_image_storage/img_dir_169/insitu169284.jpe
/data/insitu_images/insitu_image_storage/img_dir_169/insitu169285.jpe"
48,Fisher20,Cluster-8086,PCE8086,chr3L,20687008,20688835,easy,3L:20693908..20695735,,chr3L:20687008..20688835,,,"/data/insitu_images/insitu_image_storage/img_dir_112/insitu112806.jpe
/data/insitu_images/insitu_image_storage/img_dir_112/insitu112807.jpe
/data/insitu_images/insitu_image_storage/img_dir_112/insitu112808.jpe
/data/insitu_images/insitu_image_storage/img_dir_112/insitu112809.jpe
/data/insitu_images/insitu_image_storage/img_dir_112/insitu112810.jpe
/data/insitu_images/insitu_image_storage/img_dir_112/insitu112811.jpe
/data/insitu_images/insitu_image_storage/img_dir_112/insitu112812.jpe"
49,Fisher71,Cluster-8089,PCE8089,chr3R,12367940,12368869,hard,3R:16542218..16543147,,chr3R:12367940..12368869,,,"/data/insitu_images/insitu_image_storage/img_dir_105/insitu105352.jpe
/data/insitu_images/insitu_image_storage/img_dir_105/insitu105353.jpe
/data/insitu_images/insitu_image_storage/img_dir_105/insitu105184.jpe
/data/insitu_images/insitu_image_storage/img_dir_105/insitu105183.jpe
/data/insitu_images/insitu_image_storage/img_dir_105/insitu105186.jpe
/data/insitu_images/insitu_image_storage/img_dir_105/insitu105185.jpe
/data/insitu_images/insitu_image_storage/img_dir_105/insitu105364.jpe
/data/insitu_images/insitu_image_storage/img_dir_105/insitu105365.jpe
/data/insitu_images/insitu_image_storage/img_dir_105/insitu105366.jpe
/data/insitu_images/insitu_image_storage/img_dir_105/insitu105367.jpe
/data/insitu_images/insitu_image_storage/img_dir_105/insitu105368.jpe
/data/insitu_images/insitu_image_storage/img_dir_105/insitu105370.jpe
/data/insitu_images/insitu_image_storage/img_dir_105/insitu105371.jpe
/data/insitu_images/insitu_image_storage/img_dir_105/insitu105372.jpe
/data/insitu_images/insitu_image_storage/img_dir_105/insitu105373.jpe
/data/insitu_images/insitu_image_storage/img_dir_105/insitu105374.jpe
/data/insitu_images/insitu_image_storage/img_dir_105/insitu105375.jpe
/data/insitu_images/insitu_image_storage/img_dir_105/insitu105376.jpe
/data/insitu_images/insitu_image_storage/img_dir_119/insitu119456.jpe
/data/insitu_images/insitu_image_storage/img_dir_119/insitu119457.jpe
/data/insitu_images/insitu_image_storage/img_dir_119/insitu119458.jpe
/data/insitu_images/insitu_image_storage/img_dir_119/insitu119459.jpe
/data/insitu_images/insitu_image_storage/img_dir_169/insitu169198.jpe
/data/insitu_images/insitu_image_storage/img_dir_169/insitu169199.jpe"
50,Fisher67,Cluster-8150,PCE8150,chr3R,6379348,6380656,hard,3R:10553626..10554934,,chr3R:6379348..6380656,,,"/data/insitu_images/insitu_image_storage/img_dir_100/insitu100721.jpe
/data/insitu_images/insitu_image_storage/img_dir_100/insitu100722.jpe
/data/insitu_images/insitu_image_storage/img_dir_100/insitu100723.jpe
/data/insitu_images/insitu_image_storage/img_dir_100/insitu100730.jpe
/data/insitu_images/insitu_image_storage/img_dir_100/insitu100731.jpe
/data/insitu_images/insitu_image_storage/img_dir_100/insitu100732.jpe
/data/insitu_images/insitu_image_storage/img_dir_100/insitu100738.jpe
/data/insitu_images/insitu_image_storage/img_dir_100/insitu100740.jpe
/data/insitu_images/insitu_image_storage/img_dir_112/insitu112927.jpe
/data/insitu_images/insitu_image_storage/img_dir_112/insitu112928.jpe
/data/insitu_images/insitu_image_storage/img_dir_112/insitu112929.jpe
/data/insitu_images/insitu_image_storage/img_dir_112/insitu112930.jpe
/data/insitu_images/insitu_image_storage/img_dir_112/insitu112931.jpe
/data/insitu_images/insitu_image_storage/img_dir_112/insitu112932.jpe
/data/insitu_images/insitu_image_storage/img_dir_112/insitu112933.jpe
/data/insitu_images/insitu_image_storage/img_dir_112/insitu112934.jpe
/data/insitu_images/insitu_image_storage/img_dir_112/insitu112935.jpe
/data/insitu_images/insitu_image_storage/img_dir_112/insitu112936.jpe"
51,Fisher44,Cluster-8166,PCE8166,chr3R,12570248,12571305,easy,3R:16744526..16745583,,chr3R:12570248..12571305,,,"/data/insitu_images/insitu_image_storage/img_dir_77/insitu77191.jpe
/data/insitu_images/insitu_image_storage/img_dir_77/insitu77195.jpe
/data/insitu_images/insitu_image_storage/img_dir_77/insitu77196.jpe
/data/insitu_images/insitu_image_storage/img_dir_77/insitu77197.jpe
/data/insitu_images/insitu_image_storage/img_dir_77/insitu77198.jpe
/data/insitu_images/insitu_image_storage/img_dir_77/insitu77203.jpe
/data/insitu_images/insitu_image_storage/img_dir_116/insitu116049.jpe
/data/insitu_images/insitu_image_storage/img_dir_116/insitu116050.jpe
/data/insitu_images/insitu_image_storage/img_dir_116/insitu116051.jpe
/data/insitu_images/insitu_image_storage/img_dir_116/insitu116052.jpe
/data/insitu_images/insitu_image_storage/img_dir_116/insitu116053.jpe
/data/insitu_images/insitu_image_storage/img_dir_116/insitu116054.jpe
/data/insitu_images/insitu_image_storage/img_dir_116/insitu116055.jpe
/data/insitu_images/insitu_image_storage/img_dir_116/insitu116056.jpe"
52,Fisher48,Cluster-8198,PCE8198,chr2L,3774540,3777027,easy,2L:3774540..3777027,,chr2L:3774540..3777027,,,"/data/insitu_images/insitu_image_storage/img_dir_78/insitu78906.jpe
/data/insitu_images/insitu_image_storage/img_dir_78/insitu78911.jpe
/data/insitu_images/insitu_image_storage/img_dir_78/insitu78914.jpe
/data/insitu_images/insitu_image_storage/img_dir_78/insitu78917.jpe
/data/insitu_images/insitu_image_storage/img_dir_78/insitu78921.jpe
/data/insitu_images/insitu_image_storage/img_dir_78/insitu78924.jpe
/data/insitu_images/insitu_image_storage/img_dir_78/insitu78926.jpe
/data/insitu_images/insitu_image_storage/img_dir_112/insitu112994.jpe
/data/insitu_images/insitu_image_storage/img_dir_112/insitu112995.jpe
/data/insitu_images/insitu_image_storage/img_dir_112/insitu112996.jpe
/data/insitu_images/insitu_image_storage/img_dir_112/insitu112997.jpe
/data/insitu_images/insitu_image_storage/img_dir_112/insitu112998.jpe
/data/insitu_images/insitu_image_storage/img_dir_112/insitu112999.jpe
/data/insitu_images/insitu_image_storage/img_dir_112/insitu113000.jpe
/data/insitu_images/insitu_image_storage/img_dir_113/insitu113001.jpe
/data/insitu_images/insitu_image_storage/img_dir_113/insitu113002.jpe
/data/insitu_images/insitu_image_storage/img_dir_113/insitu113003.jpe"
53,Fisher68,Cluster-8235,PCE8235,chrX,2327276,2329158,easy,X:2433243..2435125,,chrX:2327276..2329158,,,"/data/insitu_images/insitu_image_storage/img_dir_79/insitu79465.jpe
/data/insitu_images/insitu_image_storage/img_dir_79/insitu79468.jpe
/data/insitu_images/insitu_image_storage/img_dir_79/insitu79470.jpe
/data/insitu_images/insitu_image_storage/img_dir_79/insitu79474.jpe
/data/insitu_images/insitu_image_storage/img_dir_79/insitu79478.jpe
/data/insitu_images/insitu_image_storage/img_dir_113/insitu113021.jpe
/data/insitu_images/insitu_image_storage/img_dir_113/insitu113022.jpe
/data/insitu_images/insitu_image_storage/img_dir_113/insitu113023.jpe
/data/insitu_images/insitu_image_storage/img_dir_113/insitu113024.jpe
/data/insitu_images/insitu_image_storage/img_dir_113/insitu113025.jpe
/data/insitu_images/insitu_image_storage/img_dir_113/insitu113026.jpe
/data/insitu_images/insitu_image_storage/img_dir_113/insitu113027.jpe
/data/insitu_images/insitu_image_storage/img_dir_113/insitu113028.jpe
/data/insitu_images/insitu_image_storage/img_dir_168/insitu168795.jpe
/data/insitu_images/insitu_image_storage/img_dir_168/insitu168796.jpe
/data/insitu_images/insitu_image_storage/img_dir_168/insitu168797.jpe
/data/insitu_images/insitu_image_storage/img_dir_168/insitu168798.jpe
/data/insitu_images/insitu_image_storage/img_dir_168/insitu168799.jpe
/data/insitu_images/insitu_image_storage/img_dir_168/insitu168800.jpe
/data/insitu_images/insitu_image_storage/img_dir_168/insitu168801.jpe
/data/insitu_images/insitu_image_storage/img_dir_168/insitu168802.jpe
/data/insitu_images/insitu_image_storage/img_dir_168/insitu168803.jpe
/data/insitu_images/insitu_image_storage/img_dir_168/insitu168804.jpe"
54,Fisher36,Cluster-8237,PCE8237,chr2L,12681684,12682747,hard,2L:12681684..12682747,,chr2L:12681684..12682747,,,"/data/insitu_images/insitu_image_storage/img_dir_101/insitu101052.jpe
/data/insitu_images/insitu_image_storage/img_dir_101/insitu101055.jpe
/data/insitu_images/insitu_image_storage/img_dir_105/insitu105939.jpe
/data/insitu_images/insitu_image_storage/img_dir_105/insitu105940.jpe
/data/insitu_images/insitu_image_storage/img_dir_105/insitu105941.jpe
/data/insitu_images/insitu_image_storage/img_dir_105/insitu105942.jpe
/data/insitu_images/insitu_image_storage/img_dir_105/insitu105943.jpe
/data/insitu_images/insitu_image_storage/img_dir_105/insitu105944.jpe
/data/insitu_images/insitu_image_storage/img_dir_105/insitu105952.jpe
/data/insitu_images/insitu_image_storage/img_dir_105/insitu105953.jpe
/data/insitu_images/insitu_image_storage/img_dir_105/insitu105954.jpe
/data/insitu_images/insitu_image_storage/img_dir_105/insitu105955.jpe
/data/insitu_images/insitu_image_storage/img_dir_105/insitu105956.jpe
/data/insitu_images/insitu_image_storage/img_dir_105/insitu105957.jpe
/data/insitu_images/insitu_image_storage/img_dir_105/insitu105958.jpe
/data/insitu_images/insitu_image_storage/img_dir_105/insitu105959.jpe
/data/insitu_images/insitu_image_storage/img_dir_105/insitu105960.jpe
/data/insitu_images/insitu_image_storage/img_dir_168/insitu168821.jpe
/data/insitu_images/insitu_image_storage/img_dir_168/insitu168822.jpe
/data/insitu_images/insitu_image_storage/img_dir_168/insitu168823.jpe
/data/insitu_images/insitu_image_storage/img_dir_168/insitu168824.jpe"
55,Fisher63,Cluster-8277,PCE8277,chr3R,6448530,6450175,easy,3R:10622808..10624453,,chr3R:6448530..6450175,,,"/data/insitu_images/insitu_image_storage/img_dir_78/insitu78866.jpe
/data/insitu_images/insitu_image_storage/img_dir_78/insitu78867.jpe
/data/insitu_images/insitu_image_storage/img_dir_78/insitu78870.jpe
/data/insitu_images/insitu_image_storage/img_dir_78/insitu78871.jpe
/data/insitu_images/insitu_image_storage/img_dir_78/insitu78872.jpe
/data/insitu_images/insitu_image_storage/img_dir_78/insitu78873.jpe
/data/insitu_images/insitu_image_storage/img_dir_78/insitu78875.jpe
/data/insitu_images/insitu_image_storage/img_dir_78/insitu78881.jpe
/data/insitu_images/insitu_image_storage/img_dir_78/insitu78882.jpe
/data/insitu_images/insitu_image_storage/img_dir_113/insitu113060.jpe
/data/insitu_images/insitu_image_storage/img_dir_113/insitu113061.jpe
/data/insitu_images/insitu_image_storage/img_dir_113/insitu113062.jpe
/data/insitu_images/insitu_image_storage/img_dir_113/insitu113063.jpe
/data/insitu_images/insitu_image_storage/img_dir_113/insitu113064.jpe
/data/insitu_images/insitu_image_storage/img_dir_113/insitu113065.jpe
/data/insitu_images/insitu_image_storage/img_dir_113/insitu113066.jpe
/data/insitu_images/insitu_image_storage/img_dir_113/insitu113067.jpe
/data/insitu_images/insitu_image_storage/img_dir_113/insitu113068.jpe
/data/insitu_images/insitu_image_storage/img_dir_113/insitu113069.jpe
/data/insitu_images/insitu_image_storage/img_dir_113/insitu113070.jpe
/data/insitu_images/insitu_image_storage/img_dir_113/insitu113071.jpe"
56,Fisher60,Cluster-8297,PCE8297,chr2R,21124126,21125171,hard,2R:25236603..25237648,,chr2R:21124126..21125171,,,"/data/insitu_images/insitu_image_storage/img_dir_79/insitu79560.jpe
/data/insitu_images/insitu_image_storage/img_dir_79/insitu79563.jpe
/data/insitu_images/insitu_image_storage/img_dir_79/insitu79565.jpe
/data/insitu_images/insitu_image_storage/img_dir_79/insitu79566.jpe
/data/insitu_images/insitu_image_storage/img_dir_79/insitu79569.jpe
/data/insitu_images/insitu_image_storage/img_dir_101/insitu101069.jpe
/data/insitu_images/insitu_image_storage/img_dir_113/insitu113813.jpe
/data/insitu_images/insitu_image_storage/img_dir_113/insitu113814.jpe
/data/insitu_images/insitu_image_storage/img_dir_113/insitu113815.jpe
/data/insitu_images/insitu_image_storage/img_dir_113/insitu113816.jpe
/data/insitu_images/insitu_image_storage/img_dir_113/insitu113817.jpe
/data/insitu_images/insitu_image_storage/img_dir_113/insitu113818.jpe
/data/insitu_images/insitu_image_storage/img_dir_113/insitu113819.jpe
/data/insitu_images/insitu_image_storage/img_dir_113/insitu113820.jpe
/data/insitu_images/insitu_image_storage/img_dir_113/insitu113821.jpe
/data/insitu_images/insitu_image_storage/img_dir_113/insitu113822.jpe"
57,Fisher10,Cluster-8307,PCE8307,chr3L,5614588,5615641,easy,3L:5621488..5622541,,chr3L:5614588..5615641,,,"/data/insitu_images/insitu_image_storage/img_dir_100/insitu100928.jpe
/data/insitu_images/insitu_image_storage/img_dir_100/insitu100929.jpe
/data/insitu_images/insitu_image_storage/img_dir_100/insitu100933.jpe
/data/insitu_images/insitu_image_storage/img_dir_100/insitu100937.jpe
/data/insitu_images/insitu_image_storage/img_dir_113/insitu113148.jpe
/data/insitu_images/insitu_image_storage/img_dir_113/insitu113149.jpe
/data/insitu_images/insitu_image_storage/img_dir_113/insitu113150.jpe
/data/insitu_images/insitu_image_storage/img_dir_113/insitu113151.jpe
/data/insitu_images/insitu_image_storage/img_dir_113/insitu113152.jpe
/data/insitu_images/insitu_image_storage/img_dir_113/insitu113153.jpe
/data/insitu_images/insitu_image_storage/img_dir_113/insitu113154.jpe
/data/insitu_images/insitu_image_storage/img_dir_113/insitu113155.jpe"
58,Fisher2,Cluster-8309,PCE8309,chr2L,3833038,3835050,easy,2L:3833038..3835050,,chr2L:3833038..3835050,,,"/data/insitu_images/insitu_image_storage/img_dir_79/insitu79480.jpe
/data/insitu_images/insitu_image_storage/img_dir_79/insitu79482.jpe
/data/insitu_images/insitu_image_storage/img_dir_79/insitu79485.jpe
/data/insitu_images/insitu_image_storage/img_dir_79/insitu79486.jpe
/data/insitu_images/insitu_image_storage/img_dir_112/insitu112641.jpe
/data/insitu_images/insitu_image_storage/img_dir_112/insitu112642.jpe
/data/insitu_images/insitu_image_storage/img_dir_112/insitu112643.jpe
/data/insitu_images/insitu_image_storage/img_dir_112/insitu112644.jpe
/data/insitu_images/insitu_image_storage/img_dir_112/insitu112645.jpe
/data/insitu_images/insitu_image_storage/img_dir_112/insitu112646.jpe
/data/insitu_images/insitu_image_storage/img_dir_112/insitu112647.jpe
/data/insitu_images/insitu_image_storage/img_dir_112/insitu112648.jpe"
59,Fisher35,Cluster-8331,PCE8331,chr3L,5616300,5617332,easy,3L:5623200..5624232,,chr3L:5616300..5617332,,,"/data/insitu_images/insitu_image_storage/img_dir_100/insitu100941.jpe
/data/insitu_images/insitu_image_storage/img_dir_100/insitu100945.jpe
/data/insitu_images/insitu_image_storage/img_dir_100/insitu100946.jpe
/data/insitu_images/insitu_image_storage/img_dir_100/insitu100949.jpe
/data/insitu_images/insitu_image_storage/img_dir_100/insitu100954.jpe
/data/insitu_images/insitu_image_storage/img_dir_113/insitu113192.jpe
/data/insitu_images/insitu_image_storage/img_dir_113/insitu113193.jpe
/data/insitu_images/insitu_image_storage/img_dir_113/insitu113194.jpe
/data/insitu_images/insitu_image_storage/img_dir_113/insitu113195.jpe
/data/insitu_images/insitu_image_storage/img_dir_113/insitu113196.jpe
/data/insitu_images/insitu_image_storage/img_dir_113/insitu113197.jpe
/data/insitu_images/insitu_image_storage/img_dir_113/insitu113198.jpe
/data/insitu_images/insitu_image_storage/img_dir_113/insitu113199.jpe
/data/insitu_images/insitu_image_storage/img_dir_113/insitu113200.jpe
/data/insitu_images/insitu_image_storage/img_dir_113/insitu113201.jpe
/data/insitu_images/insitu_image_storage/img_dir_113/insitu113202.jpe
/data/insitu_images/insitu_image_storage/img_dir_113/insitu113203.jpe
/data/insitu_images/insitu_image_storage/img_dir_113/insitu113204.jpe
/data/insitu_images/insitu_image_storage/img_dir_113/insitu113205.jpe"
60,Fisher72,Cluster-8458,PCE8458,chr3L,19145853,19147087,hard,3L:19152753..19153987,,chr3L:19145853..19147087,,,"/data/insitu_images/insitu_image_storage/img_dir_103/insitu103789.jpe
/data/insitu_images/insitu_image_storage/img_dir_103/insitu103790.jpe
/data/insitu_images/insitu_image_storage/img_dir_103/insitu103791.jpe
/data/insitu_images/insitu_image_storage/img_dir_103/insitu103792.jpe
/data/insitu_images/insitu_image_storage/img_dir_103/insitu103793.jpe
/data/insitu_images/insitu_image_storage/img_dir_103/insitu103794.jpe
/data/insitu_images/insitu_image_storage/img_dir_169/insitu169176.jpe
/data/insitu_images/insitu_image_storage/img_dir_169/insitu169177.jpe
/data/insitu_images/insitu_image_storage/img_dir_169/insitu169178.jpe
/data/insitu_images/insitu_image_storage/img_dir_169/insitu169179.jpe
/data/insitu_images/insitu_image_storage/img_dir_169/insitu169180.jpe"
61,Fisher54,Cluster-8464,PCE8464,chr3L,17358125,17359236,hard,3L:17365025..17366136,,chr3L:17358125..17359236,,,"/data/insitu_images/insitu_image_storage/img_dir_103/insitu103797.jpe
/data/insitu_images/insitu_image_storage/img_dir_103/insitu103798.jpe
/data/insitu_images/insitu_image_storage/img_dir_103/insitu103799.jpe
/data/insitu_images/insitu_image_storage/img_dir_103/insitu103800.jpe
/data/insitu_images/insitu_image_storage/img_dir_105/insitu105332.jpe
/data/insitu_images/insitu_image_storage/img_dir_105/insitu105333.jpe
/data/insitu_images/insitu_image_storage/img_dir_105/insitu105334.jpe
/data/insitu_images/insitu_image_storage/img_dir_105/insitu105335.jpe
/data/insitu_images/insitu_image_storage/img_dir_105/insitu105336.jpe
/data/insitu_images/insitu_image_storage/img_dir_105/insitu105337.jpe
/data/insitu_images/insitu_image_storage/img_dir_105/insitu105338.jpe
/data/insitu_images/insitu_image_storage/img_dir_105/insitu105339.jpe
/data/insitu_images/insitu_image_storage/img_dir_105/insitu105340.jpe
/data/insitu_images/insitu_image_storage/img_dir_105/insitu105341.jpe
/data/insitu_images/insitu_image_storage/img_dir_112/insitu112682.jpe
/data/insitu_images/insitu_image_storage/img_dir_112/insitu112683.jpe
/data/insitu_images/insitu_image_storage/img_dir_112/insitu112684.jpe
/data/insitu_images/insitu_image_storage/img_dir_112/insitu112685.jpe
/data/insitu_images/insitu_image_storage/img_dir_112/insitu112686.jpe
/data/insitu_images/insitu_image_storage/img_dir_112/insitu112687.jpe
/data/insitu_images/insitu_image_storage/img_dir_112/insitu112688.jpe"
62,Fisher59,Cluster-8493,PCE8493,chr3R,6403633,6405786,hard,3R:10577911..10580064,,chr3R:6403633..6405786,,,"/data/insitu_images/insitu_image_storage/img_dir_102/insitu102564.jpe
/data/insitu_images/insitu_image_storage/img_dir_102/insitu102565.jpe
/data/insitu_images/insitu_image_storage/img_dir_102/insitu102566.jpe
/data/insitu_images/insitu_image_storage/img_dir_105/insitu105499.jpe
/data/insitu_images/insitu_image_storage/img_dir_105/insitu105500.jpe
/data/insitu_images/insitu_image_storage/img_dir_105/insitu105501.jpe
/data/insitu_images/insitu_image_storage/img_dir_105/insitu105502.jpe
/data/insitu_images/insitu_image_storage/img_dir_105/insitu105503.jpe
/data/insitu_images/insitu_image_storage/img_dir_105/insitu105504.jpe
/data/insitu_images/insitu_image_storage/img_dir_105/insitu105505.jpe
/data/insitu_images/insitu_image_storage/img_dir_105/insitu105506.jpe
/data/insitu_images/insitu_image_storage/img_dir_105/insitu105507.jpe
/data/insitu_images/insitu_image_storage/img_dir_105/insitu105508.jpe
/data/insitu_images/insitu_image_storage/img_dir_105/insitu105509.jpe
/data/insitu_images/insitu_image_storage/img_dir_105/insitu105510.jpe
/data/insitu_images/insitu_image_storage/img_dir_105/insitu105514.jpe
/data/insitu_images/insitu_image_storage/img_dir_105/insitu105515.jpe
/data/insitu_images/insitu_image_storage/img_dir_105/insitu105516.jpe
/data/insitu_images/insitu_image_storage/img_dir_105/insitu105517.jpe
/data/insitu_images/insitu_image_storage/img_dir_105/insitu105518.jpe
/data/insitu_images/insitu_image_storage/img_dir_105/insitu105521.jpe
/data/insitu_images/insitu_image_storage/img_dir_105/insitu105522.jpe
/data/insitu_images/insitu_image_storage/img_dir_105/insitu105523.jpe
/data/insitu_images/insitu_image_storage/img_dir_105/insitu105524.jpe
/data/insitu_images/insitu_image_storage/img_dir_105/insitu105525.jpe
/data/insitu_images/insitu_image_storage/img_dir_105/insitu105526.jpe
/data/insitu_images/insitu_image_storage/img_dir_105/insitu105527.jpe
/data/insitu_images/insitu_image_storage/img_dir_105/insitu105528.jpe
/data/insitu_images/insitu_image_storage/img_dir_105/insitu105529.jpe
/data/insitu_images/insitu_image_storage/img_dir_105/insitu105530.jpe
/data/insitu_images/insitu_image_storage/img_dir_105/insitu105532.jpe
/data/insitu_images/insitu_image_storage/img_dir_105/insitu105535.jpe
/data/insitu_images/insitu_image_storage/img_dir_105/insitu105536.jpe
/data/insitu_images/insitu_image_storage/img_dir_105/insitu105537.jpe
/data/insitu_images/insitu_image_storage/img_dir_105/insitu105538.jpe
/data/insitu_images/insitu_image_storage/img_dir_105/insitu105539.jpe
/data/insitu_images/insitu_image_storage/img_dir_105/insitu105540.jpe
/data/insitu_images/insitu_image_storage/img_dir_105/insitu105546.jpe"
63,Fisher47,Cluster-8519,PCE8519,chr3L,9009498,9010463,hard,3L:9016398..9017363,,chr3L:9009498..9010463,,,"/data/insitu_images/insitu_image_storage/img_dir_102/insitu102698.jpe
/data/insitu_images/insitu_image_storage/img_dir_102/insitu102702.jpe
/data/insitu_images/insitu_image_storage/img_dir_102/insitu102705.jpe
/data/insitu_images/insitu_image_storage/img_dir_113/insitu113598.jpe
/data/insitu_images/insitu_image_storage/img_dir_113/insitu113599.jpe
/data/insitu_images/insitu_image_storage/img_dir_113/insitu113600.jpe
/data/insitu_images/insitu_image_storage/img_dir_113/insitu113601.jpe
/data/insitu_images/insitu_image_storage/img_dir_113/insitu113602.jpe
/data/insitu_images/insitu_image_storage/img_dir_113/insitu113603.jpe
/data/insitu_images/insitu_image_storage/img_dir_113/insitu113604.jpe
/data/insitu_images/insitu_image_storage/img_dir_113/insitu113605.jpe
/data/insitu_images/insitu_image_storage/img_dir_113/insitu113606.jpe
/data/insitu_images/insitu_image_storage/img_dir_113/insitu113607.jpe
/data/insitu_images/insitu_image_storage/img_dir_113/insitu113608.jpe
/data/insitu_images/insitu_image_storage/img_dir_119/insitu119641.jpe
/data/insitu_images/insitu_image_storage/img_dir_119/insitu119642.jpe
/data/insitu_images/insitu_image_storage/img_dir_119/insitu119643.jpe
/data/insitu_images/insitu_image_storage/img_dir_119/insitu119644.jpe
/data/insitu_images/insitu_image_storage/img_dir_119/insitu119645.jpe
/data/insitu_images/insitu_image_storage/img_dir_119/insitu119646.jpe
/data/insitu_images/insitu_image_storage/img_dir_119/insitu119647.jpe
/data/insitu_images/insitu_image_storage/img_dir_119/insitu119648.jpe"
64,Fisher22,Cluster-8520,PCE8520,chr2L,12091700,12092777,easy,2L:12091700..12092777,,chr2L:12091700..12092777,,,"/data/insitu_images/insitu_image_storage/img_dir_100/insitu100784.jpe
/data/insitu_images/insitu_image_storage/img_dir_100/insitu100785.jpe
/data/insitu_images/insitu_image_storage/img_dir_100/insitu100786.jpe
/data/insitu_images/insitu_image_storage/img_dir_100/insitu100787.jpe
/data/insitu_images/insitu_image_storage/img_dir_100/insitu100788.jpe
/data/insitu_images/insitu_image_storage/img_dir_100/insitu100789.jpe
/data/insitu_images/insitu_image_storage/img_dir_100/insitu100790.jpe
/data/insitu_images/insitu_image_storage/img_dir_100/insitu100791.jpe
/data/insitu_images/insitu_image_storage/img_dir_100/insitu100792.jpe
/data/insitu_images/insitu_image_storage/img_dir_100/insitu100794.jpe
/data/insitu_images/insitu_image_storage/img_dir_112/insitu112726.jpe
/data/insitu_images/insitu_image_storage/img_dir_112/insitu112727.jpe
/data/insitu_images/insitu_image_storage/img_dir_112/insitu112728.jpe
/data/insitu_images/insitu_image_storage/img_dir_112/insitu112729.jpe
/data/insitu_images/insitu_image_storage/img_dir_112/insitu112730.jpe
/data/insitu_images/insitu_image_storage/img_dir_112/insitu112731.jpe
/data/insitu_images/insitu_image_storage/img_dir_112/insitu112732.jpe
/data/insitu_images/insitu_image_storage/img_dir_112/insitu112733.jpe
/data/insitu_images/insitu_image_storage/img_dir_112/insitu112734.jpe"
65,Fisher62,Cluster-8533,PCE8533,chr3R,24413396,24414780,easy,3R:28587674..28589058,,chr3R:24413396..24414780,,,"/data/insitu_images/insitu_image_storage/img_dir_100/insitu100757.jpe
/data/insitu_images/insitu_image_storage/img_dir_100/insitu100758.jpe
/data/insitu_images/insitu_image_storage/img_dir_100/insitu100759.jpe
/data/insitu_images/insitu_image_storage/img_dir_100/insitu100764.jpe
/data/insitu_images/insitu_image_storage/img_dir_100/insitu100765.jpe
/data/insitu_images/insitu_image_storage/img_dir_113/insitu113631.jpe
/data/insitu_images/insitu_image_storage/img_dir_113/insitu113632.jpe
/data/insitu_images/insitu_image_storage/img_dir_113/insitu113633.jpe
/data/insitu_images/insitu_image_storage/img_dir_113/insitu113634.jpe
/data/insitu_images/insitu_image_storage/img_dir_113/insitu113635.jpe
/data/insitu_images/insitu_image_storage/img_dir_113/insitu113636.jpe
/data/insitu_images/insitu_image_storage/img_dir_113/insitu113637.jpe
/data/insitu_images/insitu_image_storage/img_dir_113/insitu113638.jpe
/data/insitu_images/insitu_image_storage/img_dir_113/insitu113639.jpe
/data/insitu_images/insitu_image_storage/img_dir_113/insitu113640.jpe
/data/insitu_images/insitu_image_storage/img_dir_113/insitu113641.jpe
/data/insitu_images/insitu_image_storage/img_dir_113/insitu113642.jpe
/data/insitu_images/insitu_image_storage/img_dir_113/insitu113643.jpe
/data/insitu_images/insitu_image_storage/img_dir_113/insitu113644.jpe
/data/insitu_images/insitu_image_storage/img_dir_113/insitu113645.jpe
/data/insitu_images/insitu_image_storage/img_dir_113/insitu113646.jpe
/data/insitu_images/insitu_image_storage/img_dir_113/insitu113647.jpe
/data/insitu_images/insitu_image_storage/img_dir_113/insitu113648.jpe
/data/insitu_images/insitu_image_storage/img_dir_113/insitu113649.jpe"
66,Fisher70,Cluster-8602,PCE8602,chr3L,5216538,5218142,hard,3L:5223438..5225042,,chr3L:5216538..5218142,,,"/data/insitu_images/insitu_image_storage/img_dir_100/insitu100955.jpe
/data/insitu_images/insitu_image_storage/img_dir_100/insitu100956.jpe
/data/insitu_images/insitu_image_storage/img_dir_100/insitu100957.jpe
/data/insitu_images/insitu_image_storage/img_dir_100/insitu100958.jpe
/data/insitu_images/insitu_image_storage/img_dir_100/insitu100959.jpe
/data/insitu_images/insitu_image_storage/img_dir_100/insitu100964.jpe
/data/insitu_images/insitu_image_storage/img_dir_100/insitu100965.jpe
/data/insitu_images/insitu_image_storage/img_dir_100/insitu100966.jpe
/data/insitu_images/insitu_image_storage/img_dir_100/insitu100967.jpe
/data/insitu_images/insitu_image_storage/img_dir_100/insitu100968.jpe
/data/insitu_images/insitu_image_storage/img_dir_113/insitu113739.jpe
/data/insitu_images/insitu_image_storage/img_dir_113/insitu113740.jpe"
67,Fisher1,KR rank-1,PCE(E2)-KrRank1,chr2R,9448948,9450448,easy,2R:13561443..13562943,,chr2R:9448948..9450448,,,"/data/insitu_images/insitu_image_storage/img_dir_142/insitu142479.jpe
/data/insitu_images/insitu_image_storage/img_dir_142/insitu142480.jpe
/data/insitu_images/insitu_image_storage/img_dir_142/insitu142481.jpe
/data/insitu_images/insitu_image_storage/img_dir_142/insitu142482.jpe
/data/insitu_images/insitu_image_storage/img_dir_142/insitu142483.jpe
/data/insitu_images/insitu_image_storage/img_dir_142/insitu142484.jpe
/data/insitu_images/insitu_image_storage/img_dir_142/insitu142485.jpe
/data/insitu_images/insitu_image_storage/img_dir_142/insitu142486.jpe
/data/insitu_images/insitu_image_storage/img_dir_142/insitu142487.jpe"
68,Fisher16,KR rank-127 ,PCE(E3)-KrRank150,chr3L,20398041,20399541,easy,3L:20404941..20406441,,chr3L:20398041..20399541,,,"/data/insitu_images/insitu_image_storage/img_dir_142/insitu142505.jpe
/data/insitu_images/insitu_image_storage/img_dir_142/insitu142506.jpe
/data/insitu_images/insitu_image_storage/img_dir_142/insitu142507.jpe
/data/insitu_images/insitu_image_storage/img_dir_142/insitu142508.jpe
/data/insitu_images/insitu_image_storage/img_dir_142/insitu142509.jpe
/data/insitu_images/insitu_image_storage/img_dir_142/insitu142510.jpe
/data/insitu_images/insitu_image_storage/img_dir_142/insitu142511.jpe
/data/insitu_images/insitu_image_storage/img_dir_142/insitu142512.jpe
/data/insitu_images/insitu_image_storage/img_dir_142/insitu142513.jpe
/data/insitu_images/insitu_image_storage/img_dir_142/insitu142514.jpe
/data/insitu_images/insitu_image_storage/img_dir_142/insitu142515.jpe
/data/insitu_images/insitu_image_storage/img_dir_142/insitu142516.jpe
/data/insitu_images/insitu_image_storage/img_dir_142/insitu142517.jpe
/data/insitu_images/insitu_image_storage/img_dir_142/insitu142518.jpe
/data/insitu_images/insitu_image_storage/img_dir_142/insitu142519.jpe
/data/insitu_images/insitu_image_storage/img_dir_142/insitu142520.jpe
/data/insitu_images/insitu_image_storage/img_dir_142/insitu142521.jpe
/data/insitu_images/insitu_image_storage/img_dir_142/insitu142522.jpe"
69,Fisher53,KR rank-1280,PCE(E10)-KrRank1193,chr2R,8834769,8836269,easy,2R:12947264..12948764,,chr2R:8834769..8836269,,,"/data/insitu_images/insitu_image_storage/img_dir_142/insitu142680.jpe
/data/insitu_images/insitu_image_storage/img_dir_142/insitu142681.jpe
/data/insitu_images/insitu_image_storage/img_dir_142/insitu142682.jpe
/data/insitu_images/insitu_image_storage/img_dir_142/insitu142683.jpe
/data/insitu_images/insitu_image_storage/img_dir_142/insitu142684.jpe"
70,Fisher69,KR rank-3729,PCE(F6)-KrRank2385,chr2R,12065874,12067374,hard,2R:16178369..16179869,,chr2R:12065874..12067374,,,"/data/insitu_images/insitu_image_storage/img_dir_142/insitu142799.jpe
/data/insitu_images/insitu_image_storage/img_dir_142/insitu142800.jpe"
71,Fisher40,KR rank-567,PCE(E5)-KrRank448,chr3L,2590131,2591631,easy,3L:2590131..2591631,,chr3L:2590131..2591631,,,"/data/insitu_images/insitu_image_storage/img_dir_142/insitu142563.jpe
/data/insitu_images/insitu_image_storage/img_dir_142/insitu142564.jpe
/data/insitu_images/insitu_image_storage/img_dir_142/insitu142565.jpe
/data/insitu_images/insitu_image_storage/img_dir_142/insitu142566.jpe
/data/insitu_images/insitu_image_storage/img_dir_142/insitu142567.jpe
/data/insitu_images/insitu_image_storage/img_dir_142/insitu142568.jpe
/data/insitu_images/insitu_image_storage/img_dir_142/insitu142569.jpe
/data/insitu_images/insitu_image_storage/img_dir_142/insitu142570.jpe
/data/insitu_images/insitu_image_storage/img_dir_142/insitu142571.jpe
/data/insitu_images/insitu_image_storage/img_dir_142/insitu142572.jpe
/data/insitu_images/insitu_image_storage/img_dir_142/insitu142573.jpe
/data/insitu_images/insitu_image_storage/img_dir_142/insitu142574.jpe
/data/insitu_images/insitu_image_storage/img_dir_142/insitu142575.jpe
/data/insitu_images/insitu_image_storage/img_dir_142/insitu142576.jpe
/data/insitu_images/insitu_image_storage/img_dir_142/insitu142577.jpe
/data/insitu_images/insitu_image_storage/img_dir_142/insitu142578.jpe
/data/insitu_images/insitu_image_storage/img_dir_142/insitu142579.jpe"
72,Fisher42,KR rank-610,PCE(E6)-KrRank597,chr3L,15748853,15750353,easy,3L:15755753..15757253,,chr3L:15748853..15750353,,,"/data/insitu_images/insitu_image_storage/img_dir_142/insitu142597.jpe
/data/insitu_images/insitu_image_storage/img_dir_142/insitu142598.jpe
/data/insitu_images/insitu_image_storage/img_dir_142/insitu142599.jpe
/data/insitu_images/insitu_image_storage/img_dir_142/insitu142600.jpe
/data/insitu_images/insitu_image_storage/img_dir_142/insitu142601.jpe
/data/insitu_images/insitu_image_storage/img_dir_142/insitu142602.jpe
/data/insitu_images/insitu_image_storage/img_dir_142/insitu142603.jpe
/data/insitu_images/insitu_image_storage/img_dir_142/insitu142604.jpe
/data/insitu_images/insitu_image_storage/img_dir_142/insitu142605.jpe
/data/insitu_images/insitu_image_storage/img_dir_142/insitu142606.jpe
/data/insitu_images/insitu_image_storage/img_dir_142/insitu142607.jpe
/data/insitu_images/insitu_image_storage/img_dir_142/insitu142608.jpe
/data/insitu_images/insitu_image_storage/img_dir_142/insitu142609.jpe
/data/insitu_images/insitu_image_storage/img_dir_142/insitu142610.jpe
/data/insitu_images/insitu_image_storage/img_dir_142/insitu142611.jpe
/data/insitu_images/insitu_image_storage/img_dir_142/insitu142612.jpe
/data/insitu_images/insitu_image_storage/img_dir_142/insitu142613.jpe"